,X1,X2,S
0,0.21455642607596515,0.9323373114014116,F
1,0.9199832987280941,0.783771077090958,M
2,0.4331223706352232,0.8242371699647286,M
3,0.7301859728933381,0.7181924149191492,F
4,0.3241008801787211,0.38399899263956105,M
5,0.5372091208272977,0.73085396554697,M
6,0.11326866095163213,0.7601155978959134,F
7,0.6160701950632552,0.4533358436081637,M
8,0.5032882393342389,0.029523129315224272,M
9,0.20161446613572054,0.4381224803796988,F
10,0.7007438941885356,0.8523059573805997,M
11,0.3330859340460619,0.47956127487199773,M
12,0.7030742626456112,0.6654336415231332,M
13,0.6504579554632149,0.13574566046449377,M
14,0.990774137124244,0.1855065095488435,M
15,0.6092681973844345,0.5361964689755381,M
16,0.43117502022355114,0.6884277212545135,F
17,0.6547425163370582,0.5214363610548637,M
18,0.6291796604753294,0.8849362277248985,F
19,0.6714396675660214,0.7018906176209476,M
20,0.8280344768275465,0.11504805333107815,M
21,0.4904323854925071,0.1388404786543529,M
22,0.5634861562611929,0.7516351564297957,M
23,0.9261498734483629,0.4293732110800377,M
24,0.6061142336467826,0.2295071383812215,M
25,0.5884389647002374,0.9216547858580157,M
26,0.1492629318742723,0.1695682958715079,M
27,0.7856467866905751,0.9976412199639675,M
28,0.9855310629103511,0.8388743685626269,F
29,0.5537736790390173,0.5908324321550353,M
30,0.5763246838083363,0.08453695265561201,M
31,0.3779139455731332,0.07690904408908217,M
32,0.3267690217500848,0.1766872436675827,F
33,0.7191067431763222,0.3821004276480764,M
34,0.7111910966065188,0.783789587953164,M
35,0.518171341216632,0.34184952792692147,M
36,0.39013411894540073,0.7526820888034462,M
37,0.35252122887804427,0.9003821408366534,M
38,0.349420472839026,0.3371358366438112,F
39,0.4562351505247745,0.35520245683289886,M
40,0.2013709109142371,0.6651220173774853,F
41,0.7692283124024507,0.9843749938344037,F
42,0.6777269595529472,0.35630778189451906,M
43,0.2427065525539167,0.4868791972080875,M
44,0.07747964747975333,0.720259913683422,M
45,0.24596238696991246,0.4495524897981631,M
46,0.4649874073209447,0.09014835687573586,M
47,0.8468325845670981,0.12685038973815943,M
48,0.14728713253067693,0.43616492723533173,M
49,0.10376030873028375,0.872642792732774,M
50,0.28346660051566075,0.9994501500089981,F
51,0.9937978218862291,0.17439661621282077,M
52,0.5467366429775812,0.6534406324824563,M
53,0.10359251419373305,0.08807896569577123,M
54,0.5754414871984673,0.3374933174703657,M
55,0.04363645910577829,0.9277784550582524,M
56,0.8562192237460874,0.3097131989292592,F
57,0.07030779024618306,0.6615840533199613,M
58,0.29651754568942945,0.18152008255072782,M
59,0.7131695276105403,0.7091898716130544,F
60,0.6756775764217736,0.4902970065092038,M
61,0.055689264939418504,0.6766195570677612,M
62,0.5668445786808542,0.4045191170277399,M
63,0.9421980359334364,0.5336263782825433,M
64,0.21874224426540823,0.21080226654942313,M
65,0.12286058073429129,0.12246159287770819,M
66,0.4276204656951995,0.718994202881692,M
67,0.5714991993371414,0.5786291810286014,M
68,0.6459766129112076,0.1713106628371065,F
69,0.6078473481326377,0.8661784847051325,M
70,0.3686386898125511,0.7012560327635965,F
71,0.650409134490559,0.6482495943942342,F
72,0.06623658679395383,0.1596623721201551,M
73,0.2474750629433008,0.013685202856450918,M
74,0.8880324631247657,0.7825868814135581,M
75,0.4650274230600214,0.9547271086699126,F
76,0.04268490635772937,0.9620497759445249,M
77,0.6915230782349882,0.9817559758225607,M
78,0.9447222264516075,0.5565292096832698,M
79,0.0835435760255927,0.3433058498216657,M
80,0.4712318242893736,0.3596781497963589,M
81,0.11025025426534008,0.405782464819366,M
82,0.12601568026933052,0.5417977339883581,F
83,0.6920254625372518,0.5035912463003849,F
84,0.5862498547155309,0.19325855558692884,F
85,0.839712309468309,0.7000738101379488,M
86,0.0646926107386806,0.09921593811231544,M
87,0.7848878423787005,0.2814208983959775,M
88,0.4683061051629921,0.016392688807244205,M
89,0.5206479697916325,0.3914603196606318,M
90,0.17961700191947583,0.6451114533693912,M
91,0.8214022494076397,0.8477632758935976,M
92,0.753317018951487,0.2550126980989824,F
93,0.9394651886833554,0.9099236482326297,M
94,0.9723226890413044,0.49284533529739794,M
95,0.06005211356341966,0.7729393729806666,F
96,0.6201923541720454,0.8641221204457575,M
97,0.5534625584186963,0.3038034424337531,M
98,0.07931038729422157,0.5886784834790568,M
99,0.9202379132628176,0.9009289057416905,M
100,0.8041241833396485,0.1861684345442629,M
101,0.026519629707234094,0.6090695883932644,M
102,0.1590679869384397,0.1812676429333938,M
103,0.29801555058134044,0.5606190700140838,M
104,0.06958969075589572,0.9938869043327785,M
105,0.5540883370350607,0.8082171388758932,M
106,0.10624179598674433,0.44465138371532675,M
107,0.9055237932434573,0.2464307121944359,M
108,0.59275254506807,0.34330671929714063,M
109,0.34248051235298893,0.6515618945956144,M
110,0.00935485444670281,0.10214548926677158,M
111,0.7289462380538652,0.6482051677971403,M
112,0.8395431607696676,0.5570595689987118,F
113,0.3938472135182507,0.5512166501079953,M
114,0.49820826501273985,0.8879706293903437,M
115,0.2811437277345743,0.18392463502358236,M
116,0.6436421685276066,0.08005420342223801,F
117,0.7874071972582554,0.958419686453118,M
118,0.8901136766819014,0.27675873850903265,M
119,0.0401297916941884,0.1679581936415231,M
120,0.8975456485499195,0.3137051801889502,F
121,0.668012453031921,0.46996081134566936,M
122,0.3529017886620185,0.6847888340434178,M
123,0.8262451091924886,0.49459754208207074,M
124,0.990662789829405,0.308543397933585,M
125,0.43448039022866425,0.19560348822538076,M
126,0.1432257448500317,0.5548773478421948,M
127,0.7473361919115901,0.7145605902666871,M
128,0.798634502610514,0.631153294175523,F
129,0.7981502453518731,0.9895487763091109,M
130,0.9911301067343913,0.8766166537016288,M
131,0.6890146140827691,0.663838465594271,M
132,0.5604142657951746,0.968134072453496,F
133,0.08877601892965026,0.7910014296177356,M
134,0.4089670238385862,0.5443323547240803,M
135,0.12029574831216705,0.6589198369538212,M
136,0.8358232184956605,0.9558583847825078,M
137,0.2886834274960133,0.42897440843282986,M
138,0.459940351578784,0.761992914837523,M
139,0.058146727331553905,0.3142504712617292,M
140,0.9044162858206832,0.851901089188792,M
141,0.2589277021321259,0.0475216547375068,M
142,0.9795886710865828,0.44872655409276496,F
143,0.16202016415463794,0.8679129391080049,M
144,0.7134858409326313,0.3433435851419081,F
145,0.6759142568176176,0.008349665946361995,M
146,0.47054327033412013,0.7293649697173828,M
147,0.5090440660609228,0.2909342242425932,M
148,0.06499865043129471,0.5966702329610206,M
149,0.4723268906903467,0.9697897134500634,M
150,0.24085428455092217,0.5242818387965023,M
151,0.8954825074459838,0.8528796103885641,F
152,0.4035465115257596,0.7167148093861487,M
153,0.054256854942069666,0.7546341943506234,M
154,0.23365937213376586,0.47819442990063366,M
155,0.1038269866299305,0.10956569888267287,M
156,0.08951245556704479,0.20646134377763092,M
157,0.4465205084792295,0.8033789962987055,M
158,0.5517558308873786,0.014058669165768367,M
159,0.16593669641499964,0.07142610653211279,M
160,0.7446557723666606,0.9189669190643219,M
161,0.4405536847669702,0.286019978201294,M
162,0.2548870734401204,0.4944616391721054,M
163,0.038472858592140335,0.09322294912435003,M
164,0.23086665060368317,0.2813321540175725,F
165,0.5471062095972735,0.0056147005271383055,M
166,0.9936303718653781,0.2369425260086384,M
167,0.3097995816148079,0.42086772030125597,M
168,0.38792856287005784,0.6353173689489466,M
169,0.4510565242463541,0.9052517274528139,M
170,0.8504851201762109,0.7406009961137968,M
171,0.6457195320938771,0.747786356061401,M
172,0.43566586655970974,0.5682196383515163,M
173,0.8938833123316648,0.8635086017656215,M
174,0.3901406354035075,0.9904503516099779,M
175,0.48297671684282606,0.9111827924070269,M
176,0.8067659025393943,0.6524888028278262,M
177,0.10759663167898215,0.9701157665686503,M
178,0.6379601220757632,0.08880660527513906,M
179,0.8722321587237061,0.9198629281150099,F
180,0.6578246027150382,0.464361944050789,M
181,0.22581844357203773,0.3567128833820311,M
182,0.1349655574698343,0.42644166155128527,F
183,0.0422104072372691,0.2075340440902047,F
184,0.5314357923551835,0.13186144016731682,F
185,0.1449921954966763,0.02668937192551435,M
186,0.5107328183483505,0.9704238115057842,F
187,0.5727124685644821,0.7714042998734508,M
188,0.9156793453333493,0.07158051546817712,F
189,0.07923134488141192,0.06597478418896618,M
190,0.87129325872619,0.12689583964631868,F
191,0.03121498550545676,0.5792864619061893,M
192,0.5511253059412852,0.33486377536839773,M
193,0.2752240505977298,0.19875921181962364,M
194,0.8074978758404117,0.0005485571529509903,M
195,0.6506798293393623,0.8248810816454955,M
196,0.3215427522474481,0.5359645971490093,M
197,0.09881511723661318,0.7243291760748699,F
198,0.3437217879140043,0.31854957247209814,M
199,0.8221247719427192,0.6404136904859626,F
200,0.29786711020073053,0.08723829548158424,M
201,0.09860439244082819,0.32012046353243206,M
202,0.5832545152661304,0.42553078705691394,M
203,0.002147915819153412,0.7733622641863415,F
204,0.8169087458297798,0.888060167907424,M
205,0.7400610092657964,0.45730320361963117,F
206,0.4518402095489985,0.8633853698244365,M
207,0.4003034005437761,0.7223793537333247,M
208,0.11114641744064246,0.27638243523177797,M
209,0.7399049985946534,0.4552155320121861,M
210,0.10011784625614784,0.24603236665621875,M
211,0.20877706433091792,0.604644150948815,M
212,0.05855581049002223,0.779328553698691,M
213,0.26132136494554403,0.4937052930196786,M
214,0.22295501125360817,0.25832668043893636,M
215,0.1967765701037072,0.1994667433365388,M
216,0.5826498129149168,0.13201728802171575,M
217,0.37618484745251657,0.7176311169265652,M
218,0.5472777248360811,0.2747878553089944,M
219,0.714553878567439,0.9114256248835647,M
220,0.26746292126856797,0.8549952517744629,M
221,0.7946189469905662,0.8867267061340375,M
222,0.6185430061143188,0.41220045385430104,M
223,0.15682517531291118,0.6934499608646097,F
224,0.1868739925000663,0.3998603646276231,M
225,0.68499137603012,0.2929374936901985,M
226,0.15398819605731873,0.9969591169034846,F
227,0.4927132762623875,0.63614831619498,M
228,0.6768222157013397,0.21490327970321232,M
229,0.6930047892991529,0.7736548363465536,M
230,0.36156234681511457,0.34154509622424545,M
231,0.9572216551084882,0.8187552756091104,M
232,0.9799442570900437,0.9030209489541022,M
233,0.815627318189688,0.046962183015594294,M
234,0.5970047192042225,0.054118190078900064,F
235,0.7755601628167408,0.18394639287417924,M
236,0.7588296193529824,0.991732965061694,M
237,0.3658049775824088,0.21723923046514781,M
238,0.5988871687466809,0.8411660647186098,M
239,0.4383720344707469,0.9993470894457762,M
240,0.022268245000389264,0.9495833369942206,M
241,0.3624813325534634,0.8938964130964473,M
242,0.83301069209067,0.3483049478656667,M
243,0.3421964566993473,0.828918161271809,M
244,0.5955085476681384,0.9849188903033816,F
245,0.8726112434134442,0.23260590251255353,F
246,0.4473179382662459,0.5811395124831508,M
247,0.8110105915510262,0.7866611214882633,M
248,0.7194003559590173,0.5835513668031435,F
249,0.9124775054033698,0.32010668080019256,M
250,0.3526197515954108,0.5081720665407414,M
251,0.4968784254800892,0.12608338687819087,M
252,0.5957392729518238,0.7233915748471638,M
253,0.9161446808051349,0.2967324684074013,M
254,0.0038729196952458356,0.8983023947628631,M
255,0.18488785311132194,0.8970398148816671,M
256,0.37631088299267934,0.953248884590126,M
257,0.10966842067078619,0.756991559774833,M
258,0.4419334238299606,0.7294328614832827,M
259,0.33732283335667523,0.7061501346566752,M
260,0.8582265475901358,0.49109163429254943,M
261,0.49943841589761484,0.44858650623296414,M
262,0.8163650880319057,0.20036430135683625,M
263,0.9992637303803261,0.3775401412036875,M
264,0.8834678605123655,0.32905999059717383,M
265,0.0348933114974983,0.1271131668233838,M
266,0.8124416508310104,0.23425121313657904,M
267,0.4123324803357502,0.6858825254051917,M
268,0.9968499683415089,0.23704584891490355,M
269,0.21026823317024246,0.6397300719782281,M
270,0.19594214733590343,0.9238025652019692,M
271,0.9497955753506115,0.2338188727711472,M
272,0.8608709853320996,0.46794038374769353,M
273,0.41186592319762505,0.12252110915992176,M
274,0.760608789354307,0.3249902364607836,M
275,0.307213320467007,0.06965865816016137,M
276,0.517710832810063,0.19840944719593223,M
277,0.5777943943628027,0.8642294313296213,M
278,0.8905069085109117,0.38824573088521785,M
279,0.4179414156282997,0.11303638475002242,M
280,0.8196566859298052,0.3475014228062172,F
281,0.5621220426766336,0.5985082169075077,M
282,0.06961131052333014,0.3548361086520817,F
283,0.45168871421447143,0.00847357320549702,F
284,0.06071047282087949,0.16283825919789408,M
285,0.336401272202979,0.5581939622257299,M
286,0.2790830644856005,0.9616469989680745,M
287,0.7720431988727134,0.43309947562445916,F
288,0.09407763580945983,0.4366215451487929,M
289,0.5352670473156993,0.9473574208685435,M
290,0.46304179192766703,0.145368091631924,M
291,0.8221053686063419,0.8319343288496763,M
292,0.8321195833761745,0.0756772052464817,M
293,0.09213332901187044,0.38204368075553463,M
294,0.11521613159542532,0.6019567973545015,M
295,0.5164815849436706,0.4767426795789321,M
296,0.9610534937479416,0.9051794104234896,M
297,0.6242477050650179,0.9705913972925061,F
298,0.25312455462489947,0.5271757877265242,F
299,0.12285050869840752,0.1340318140265807,F
300,0.5558841929523004,0.2385355862806563,M
301,0.5821784593964586,0.02970707198842837,M
302,0.48979311247209867,0.03120519755546458,M
303,0.35503607390182146,0.07902641326626048,M
304,0.6271439827665121,0.6479408035410836,M
305,0.5158281387206046,0.5731097727970139,M
306,0.016325490883015825,0.6041924261173133,M
307,0.14018822914134077,0.9738557735014102,M
308,0.7437845806104793,0.987016018988148,F
309,0.2869876925582071,0.8896053081113813,M
310,0.07901192607306173,0.21220885608424978,M
311,0.5513285359177221,0.6161810669424578,M
312,0.04741770646233456,0.7395183483969104,M
313,0.8018097327346335,0.19497430843416108,M
314,0.6292804174343012,0.6454443320959193,M
315,0.4159042094405563,0.843573505347498,M
316,0.48289024212136533,0.16055225433425524,M
317,0.5326769764719165,0.41637224690877195,M
318,0.37874827318863225,0.9973375886050457,M
319,0.886887297032175,0.2036256867828502,M
320,0.8459395696610025,0.6450711441396685,M
321,0.891145725237613,0.5978714921097098,M
322,0.12482508869182163,0.7417550128860592,M
323,0.14353559081323108,0.6416709268451615,M
324,0.37461263108842424,0.03562485974740304,M
325,0.8986396679110127,0.9475276456275518,M
326,0.5473799985337783,0.40845461421735163,M
327,0.29689732890358767,0.9272607630254494,M
328,0.5697806256327517,0.40305259092510193,M
329,0.030574669478701133,0.3788043963895068,M
330,0.7300118963191468,0.602539857135117,M
331,0.06907445347055974,0.7498242135956615,M
332,0.43327120139825037,0.5116597931142145,M
333,0.4166507062292881,0.9151146426670566,M
334,0.4116824834251519,0.774515284446137,M
335,0.12364076643946054,0.5215999109642768,M
336,0.6673345085823192,0.7852728330990025,F
337,0.9884691209402313,0.8866021109581969,M
338,0.3567395335485728,0.1411741536078832,M
339,0.3948510166126038,0.5317731001701638,M
340,0.4169540589973557,0.7232176711354824,M
341,0.554330908471646,0.8211002408521606,M
342,0.504589586586317,0.8221570391383842,M
343,0.8588827579323307,0.6823637533673732,M
344,0.3102856364270833,0.32256837158818186,M
345,0.8469264853795497,0.6832894679944076,M
346,0.9158651782718166,0.9075402488823868,M
347,0.5043648120950467,0.3904548976062714,F
348,0.005471228808852202,0.8833692187256026,F
349,0.5096464348958148,0.5304261320189225,M
350,0.2537102053221627,0.9939753518247957,M
351,0.3949979895382133,0.904275921160506,F
352,0.248502244084988,0.9544792405192326,M
353,0.8925488738139749,0.2746382074672089,M
354,0.699677430835849,0.8287146711260726,M
355,0.6873659771966795,0.8952463219301083,M
356,0.19191715642629836,0.6461849183210486,M
357,0.7419438312416677,0.9756109696477371,M
358,0.8376589809160834,0.7674176383247445,M
359,0.6334942144964826,0.09364105682707258,F
360,0.8497842742751507,0.8854132690646566,M
361,0.05293356601998078,0.9008646910846654,F
362,0.16260530860532219,0.4953599621971395,M
363,0.24166898431561745,0.5900928506021547,M
364,0.47551829440974314,0.8627551584855284,M
365,0.16432337316503942,0.6245615952604722,M
366,0.9101235996207964,0.16418794043092555,F
367,0.34821324904943907,0.9544436818618909,M
368,0.41171803968904863,0.09183080185749937,M
369,0.014070836529508912,0.12116324032030235,M
370,0.689823740309629,0.2892064583693531,F
371,0.18834310288298484,0.5130558980730361,F
372,0.3034038649131343,0.13748089689287257,M
373,0.8895372266206135,0.1839859014049715,M
374,0.3338968852123606,0.547019608778264,F
375,0.9013225061814745,0.8446734625379325,M
376,0.12529542699616836,0.6743328868146771,M
377,0.9138405179094826,0.01882130019456385,M
378,0.4649174213114885,0.729524429733854,F
379,0.9009366611135139,0.5937807565809506,F
380,0.9928367047744099,0.7441947805002771,M
381,0.33661101953626105,0.2981403017224419,M
382,0.5207070689817759,0.26465936957831737,M
383,0.22863448593882696,0.2510223130258066,M
384,0.07449397254249646,0.3416421474208732,M
385,0.94484736404704,0.8500030474303868,M
386,0.16696308202811594,0.3202478119184645,M
387,0.5135478309664616,0.9472366393685903,F
388,0.386431486684923,0.675144551643144,M
389,0.9503527917906094,0.7965031540987476,M
390,0.10531397755958771,0.34839957949177525,M
391,0.6358460068042031,0.8469715253093542,M
392,0.05359154767868701,0.12193298274612319,M
393,0.3955305080552399,0.1309604236966342,M
394,0.3503432406053748,0.6176649585283844,M
395,0.18042237537229133,0.9554658702038057,F
396,0.7949445143678348,0.2158287521534994,M
397,0.6159043018652486,0.7833735781634722,M
398,0.03239965176274662,0.9553986909218064,M
399,0.3415549888529483,0.8495894301684878,M
400,0.5123237272543762,0.9066823966782716,M
401,0.7089160306561237,0.9670570443864723,M
402,0.2003772239155378,0.4328519802197851,M
403,0.9720008248378152,0.5138411283666052,M
404,0.9046873372189042,0.541847953426068,M
405,0.7754298583314603,0.9570279303524236,M
406,0.5265677687545888,0.46981421139103274,F
407,0.07671886855866583,0.37893242941500593,M
408,0.31704679766237553,0.37313378543315445,F
409,0.22085592529874287,0.18686093192227882,M
410,0.015605940445413635,0.7957080413977402,M
411,0.8754000330991315,0.4113964776281568,F
412,0.8050850855039865,0.6765960049769714,F
413,0.3916825465193752,0.4812413707308678,F
414,0.051361615306334096,0.6250624540640678,F
415,0.5745952956651087,0.5982637975943346,M
416,0.24202514454788115,0.9957304095674536,M
417,0.8928980960957046,0.8684575464759321,F
418,0.9498182714471664,0.27232703816383674,M
419,0.3403571667884142,0.9434910086218761,F
420,0.20099314040138272,0.3006287409751921,M
421,0.9658996242736976,0.7699111793709866,M
422,0.36725479509264025,0.6115067250599519,M
423,0.4349972027001573,0.5720677800919132,M
424,0.32608200697793766,0.8615728451810075,M
425,0.6658306894948827,0.6766294830451707,M
426,0.6995585403544217,0.20488475992032662,F
427,0.47726633838773436,0.7889424083705163,M
428,0.4641452891972089,0.6997820748621779,F
429,0.12145587542500114,0.10552865052787996,M
430,0.8974719478461965,0.8528702707612851,M
431,0.005616859567921351,0.0566370658002765,M
432,0.9149394474226289,0.22825380470089873,M
433,0.8473009273895801,0.484030504314245,M
434,0.9933495796655466,0.9435859388269926,M
435,0.0006617352691080658,0.8522021700213089,M
436,0.5740818678254884,0.5685621553231665,M
437,0.874752636425788,0.5123662221712372,M
438,0.594486811277273,0.8381634403488403,M
439,0.4300743259317267,0.13949013387012543,F
440,0.4016950065435786,0.23361299977220662,M
441,0.7966457998263221,0.015735281716138694,M
442,0.04362512618458059,0.5322196119949986,M
443,0.10429185020622767,0.7568286729466223,M
444,0.20956810903178857,0.4978335195517891,M
445,0.08839198727736508,0.27442675912119896,M
446,0.8264229026390004,0.6428963297366816,M
447,0.12568963154985746,0.9417229609549399,M
448,0.2906351387662197,0.31167964936837167,F
449,0.3158403067045298,0.45052164426065955,F
450,0.1477583218095161,0.17992161668111883,M
451,0.3367009404368646,0.1827383010369651,M
452,0.4154913326801656,0.6733873633442332,M
453,0.8173000060607578,0.08834940805273728,M
454,0.34755787451795794,0.4867832951981905,F
455,0.5179100645568643,0.5175644213854608,M
456,0.07128162320712972,0.6433847367560934,M
457,0.7596423591867042,0.18500704751019592,M
458,0.3156430081163816,0.6643155548964487,M
459,0.19519903970162467,0.29137623584104677,M
460,0.3394187677205386,0.5309076837891455,M
461,0.35577047237437875,0.7556725930904752,M
462,0.7716889840934265,0.5279998127095232,M
463,0.027072638177744968,0.5468203089444491,F
464,0.8691940388784736,0.05291672222402588,M
465,0.4536049292935166,0.2427225325398441,M
466,0.8312262668088765,0.6047305672150447,M
467,0.14662881546517337,0.5440793475685266,M
468,0.03976024962278102,0.5996281813484837,M
469,0.35394529433673283,0.6519577659403731,F
470,0.04626286955087999,0.3900539571619036,M
471,0.5107396648936968,0.30459344386718556,M
472,0.631435020968789,0.02519336378558723,F
473,0.8924687946076657,0.060192305722867934,F
474,0.20835949672546117,0.7311308078404342,M
475,0.09863962351666156,0.9301128774174185,M
476,0.21863466769559248,0.12247226884108786,M
477,0.2282008110382121,0.16504886197647872,F
478,0.5852666693778305,0.34084843529331377,M
479,0.11274832864566975,0.4771457150977262,M
480,0.967514868257825,0.5792869417405841,M
481,0.5807275235671137,0.9782178629302706,F
482,0.28811565551313756,0.8627121841314513,M
483,0.35387756422156535,0.20282160689230677,M
484,0.5544033782658143,0.10094321843972964,M
485,0.1952702095673977,0.5241214547237489,F
486,0.2865550522258631,0.44933836479907285,M
487,0.9184652204470241,0.19713239311930164,M
488,0.07870418341407737,0.8682835972148605,F
489,0.2732285624187547,0.26290910165662573,M
490,0.14394197815462317,0.4400927939928404,M
491,0.710996532010033,0.4801307201820464,F
492,0.4329713933368,0.6012969956736643,M
493,0.16235051595366112,0.05603286872731783,M
494,0.42862602892314283,0.5689394457651005,M
495,0.18653286399196456,0.34244875050652623,F
496,0.8697010784917119,0.3180660694580477,M
497,0.8218044545084311,0.9943802845956163,F
498,0.840081356269168,0.2780334212410043,M
499,0.4438712951379846,0.9942095814846619,M
500,0.9544126407097246,0.24715489412851133,F
501,0.6872326926115143,0.10965682477743455,M
502,0.21977187460862624,0.5709067825231229,M
503,0.7888088658273277,0.5157470890873207,M
504,0.3623018134018322,0.33112977076042616,M
505,0.1660338924546222,0.5575693897583828,F
506,0.6254955944117432,0.8039088150994108,M
507,0.11129027808655545,0.3751328559554842,M
508,0.6999505643790224,0.7651616314373619,F
509,0.42261318526184766,0.18722157024913322,M
510,0.6284622924548187,0.0756550950226097,M
511,0.9841790190716645,0.6817431876902608,M
512,0.12769979092719286,0.47622940886157383,M
513,0.15810804827385216,0.8095204002219957,F
514,0.9647469874818295,0.20502947457374565,M
515,0.31981177731182664,0.8002275213049197,M
516,0.43390663757019743,0.5356815104057138,M
517,0.3066408316144764,0.882510176182735,F
518,0.19242635656249163,0.10559825060897288,M
519,0.3046005594546838,0.5801422515376385,M
520,0.25674506902628735,0.3452584310450455,F
521,0.047884658516164635,0.08466600957107506,M
522,0.22116244876475577,0.09192761096571067,M
523,0.7933711039012588,0.40574478108381695,M
524,0.7411936657211917,0.1128526147452048,F
525,0.8506758274802773,0.9078019272311996,M
526,0.6794712669084665,0.694607873430341,M
527,0.2930136817534372,0.3181642802336939,F
528,0.29932872232279806,0.4091708235545114,F
529,0.8180154504191304,0.769602825028479,M
530,0.7887024526036017,0.7702137844020032,M
531,0.5120881720237533,0.7182934613482711,M
532,0.5756339828973466,0.7788892290986655,F
533,0.9806480543095195,0.16554562065893152,M
534,0.3230170190797258,0.5559056003980178,M
535,0.0580813002387881,0.29908934872703363,M
536,0.8094278094220745,0.5256908249428737,M
537,0.3732377095467255,0.07820009240542214,F
538,0.3402598347038618,0.3663120146183101,F
539,0.9943497555255689,0.7129868056701751,M
540,0.22208701331865743,0.10825878631890729,M
541,0.22736094851604727,0.15602038230186266,M
542,0.9581827722460067,0.8269211388416868,M
543,0.17736108378910664,0.5146452301126085,M
544,0.23498665752101178,0.3526604120771951,M
545,0.3519127099406928,0.5153028260134812,M
546,0.31735545606587245,0.5218569976880504,M
547,0.19493366818828384,0.9957442026616983,M
548,0.4055440916012316,0.780504920529775,M
549,0.5270433048078222,0.6262701659377127,M
550,0.1810815027554178,0.6320014495225074,M
551,0.6394142170536894,0.3145505617433698,M
552,0.13495866263018108,0.6136057496087599,M
553,0.505948875211187,0.16950469511901178,M
554,0.29981878822862285,0.6575191570995584,F
555,0.7358117150331321,0.7709729937362466,M
556,0.14544788654183238,0.17962043579658504,M
557,0.48812093345639473,0.9456287946640995,M
558,0.9256877523297342,0.9464371382520141,M
559,0.44164897535459735,0.3848683903510335,M
560,0.3639266182945421,0.9681638535036075,M
561,0.23490531207283205,0.1448444281806378,F
562,0.6355627103632985,0.6339511367247319,M
563,0.5727631795727707,0.07122692506990413,F
564,0.682611972217369,0.12299147528658005,F
565,0.048520900191286964,0.45040941201365126,M
566,0.05701305587200545,0.6958416701448038,M
567,0.9043080013013649,0.5774956617971513,M
568,0.3138130517784059,0.525788825884882,F
569,0.773354534951679,0.29929709541049276,M
570,0.6509111064819023,0.7935420817343227,M
571,0.7477551806222411,0.5520508840966156,M
572,0.8038838742734523,0.4076431611737804,M
573,0.7194212490578631,0.04726672376685992,M
574,0.9835711078207319,0.35168380377570885,M
575,0.1767306636887832,0.32843241561672676,M
576,0.6565508947868739,0.11908724352074551,F
577,0.26492863891510376,0.894349955535377,M
578,0.6649164933640754,0.6305337211515004,M
579,0.7439159361591972,0.18837605154945658,M
580,0.6190386687565165,0.11838406078773023,M
581,0.8065532796580831,0.46836023465596055,M
582,0.07538345136354963,0.7208934538159597,M
583,0.9282422636303723,0.1261596262614625,M
584,0.099391524846422,0.16774952500966,M
585,0.27649887822424635,0.9231968395925366,M
586,0.4907904457247282,0.44361510324528985,M
587,0.5656809115482944,0.37326654132838366,F
588,0.09142960371648556,0.3879569733019439,M
589,0.7125382656506506,0.3193811806364226,M
590,0.6095258418166899,0.7739360107495277,M
591,0.9108762954780696,0.31155267264219977,M
592,0.4591480022894944,0.7004341756471935,F
593,0.3028873869051556,0.19207755297157436,M
594,0.23420313737201592,0.8191406893910121,F
595,0.751856501069534,0.9922018997718666,M
596,0.35710884558599854,0.09546224273275039,M
597,0.04859066156156322,0.33631070252304796,F
598,0.21665945834304912,0.9249214243237839,M
599,0.767440152865533,0.8926697979971476,M
600,0.6856796603287125,0.12133361034620571,M
601,0.7136184225643386,0.06823836966365504,M
602,0.9668921230460003,0.15562606274758417,M
603,0.20562575855350584,0.41212964079028525,M
604,0.6653591014768715,0.679940064592271,F
605,0.23234862487714525,0.7284648408101242,F
606,0.4417766475416658,0.7083242701979972,M
607,0.6288788414540056,0.8861757471454556,M
608,0.6729108832855731,0.33442537582949383,M
609,0.6651172713884962,0.6794360357451406,M
610,0.2794522351403854,0.8922851334716696,M
611,0.1804614520418515,0.5855871865071918,F
612,0.8520810937139243,0.34300537717918933,M
613,0.5937575433933935,0.2505113649606835,M
614,0.9746192112185401,0.04300614340541098,M
615,0.5020382438680945,0.5432578191873889,F
616,0.22031914552029463,0.8462977782757353,M
617,0.3922754106620665,0.7638416253118815,M
618,0.52604681374674,0.08753195675433256,F
619,0.601726474685217,0.7364279424774858,M
620,0.8956829070896424,0.5390380811907286,F
621,0.2398133388158752,0.125115886415764,M
622,0.38130744807535144,0.4134337382311044,M
623,0.7586775853477743,0.20040362295564385,M
624,0.9523131988068103,0.8578174435111527,M
625,0.318384630529409,0.3302581806810563,M
626,0.5206931764170893,0.4509763354150814,M
627,0.6854116338019398,0.3965173468602353,M
628,0.6667825786117016,0.25426638572785054,M
629,0.7202259005322167,0.6065463270010665,M
630,0.04293382328380746,0.10008699625580908,M
631,0.4122920475255879,0.02072250766482009,M
632,0.8538020973204516,0.7424031873313196,M
633,0.5104175356060543,0.9830175036241368,M
634,0.9406361472344733,0.06986742804353996,M
635,0.07104634548723232,0.6853044818675291,M
636,0.2731550016179458,0.4087469175814429,M
637,0.6500854639471401,0.4177725912992726,M
638,0.769253192522859,0.6972198144317919,M
639,0.2500072749950065,0.2695485736875203,M
640,0.6804710950223907,0.608508867337817,M
641,0.47243696351048514,0.7736052085974034,M
642,0.22849541701561016,0.7435812804896558,M
643,0.5063394675444537,0.9551862067448006,M
644,0.2721456356562739,0.014297096477283167,M
645,0.09830550598892307,0.2739884517063068,M
646,0.7839681062550043,0.11299914025797075,M
647,0.26745667655511207,0.12401577167612898,M
648,0.1801808839212793,0.14918435526123108,M
649,0.17260478686961223,0.5026799935019457,M
650,0.2554124108171769,0.46360235453941234,M
651,0.911918737993216,0.8845036978777308,F
652,0.19980979882027794,0.96081297317099,F
653,0.26275791755350997,0.7875474513348055,M
654,0.9863028124326082,0.9242258376596225,M
655,0.9804551336273647,0.657642953229254,M
656,0.28019355395346934,0.4229868636859173,M
657,0.5075531522104283,0.23905999313680826,M
658,0.9639580833312864,0.07725739822711308,M
659,0.2394941935447673,0.8157228014382814,F
660,0.8335566196324073,0.3374206783457504,M
661,0.9747092274704388,0.522762889678005,M
662,0.10793462424348987,0.5785128543888641,F
663,0.3780081377995048,0.2227629296760949,F
664,0.44616808770184047,0.7052718051125433,M
665,0.28852202321528975,0.4199973758343323,M
666,0.5103404104977708,0.15325526478353857,M
667,0.8538349127855974,0.3450196627368165,M
668,0.005197230439498268,0.016373521191100915,M
669,0.9394622323573024,0.41672088323855483,M
670,0.5763457902966005,0.27915754225702205,M
671,0.12878249103930461,0.9605998591166582,M
672,0.4592715211921191,0.4339169487952602,F
673,0.674824159320707,0.32052469324976296,M
674,0.2149475672714699,0.18384615435218288,M
675,0.1642013230391851,0.44500568029683163,M
676,0.03494403677957647,0.3972957343616512,M
677,0.735016121760736,0.7572749507791674,M
678,0.9384752977289094,0.010069099938449178,F
679,0.6577375730567487,0.8599636616373126,F
680,0.43501040316616835,0.8423721479853229,M
681,0.8958204061651144,0.6567114788635091,M
682,0.5372661964960135,0.34517592482675885,M
683,0.27708090782747186,0.9936467142880586,F
684,0.2934508964175405,0.30013272016826686,F
685,0.2630791557476948,0.9753090331536256,M
686,0.644190228060331,0.16934314430444153,M
687,0.8853329565587496,0.6663683755040075,M
688,0.9557469137262155,0.06873541801452365,M
689,0.9583630335752841,0.9775395579649621,M
690,0.19970040170463454,0.44153043723681884,M
691,0.489406470103383,0.022814309922824738,M
692,0.6046875886613136,0.6896405173331254,M
693,0.9461809051331455,0.9429829824208299,M
694,0.4980483928335002,0.41371706038837697,M
695,0.7587948716800166,0.549761947066539,M
696,0.5671737539914887,0.027455378481939796,M
697,0.11456374495314026,0.04004598589402597,M
698,0.136470911341381,0.60975179294368,M
699,0.2916107235292301,0.34462303123842153,M
700,0.0890892574172466,0.8383932275054963,M
701,0.6399947407187132,0.9714954518850457,M
702,0.31916128259182786,0.11005680678051011,M
703,0.3867747354258969,0.31477888900197926,F
704,0.5772185967677179,0.8543768299906889,M
705,0.9133750471922724,0.062335034072404594,M
706,0.5569984599583088,0.5492781882678823,M
707,0.6236955603337163,0.07635793989206474,M
708,0.9831853929348255,0.4579985080165194,M
709,0.023285509820379247,0.2882111808050988,M
710,0.6493003988366766,0.5866294918675033,F
711,0.8178402750970196,0.4272592128349316,M
712,0.5625364493953663,0.4636026219970105,F
713,0.5017166838697943,0.1663079518111713,M
714,0.17021926448286473,0.6651492801390531,M
715,0.4549846407188317,0.3448393438393842,M
716,0.4608911569723967,0.3656393001755802,M
717,0.16601136617329182,0.7282852315501391,M
718,0.7567595002443686,0.8612586948597303,F
719,0.22381492066549946,0.7227147997746639,M
720,0.8517851277982433,0.38775810339880123,M
721,0.058946130976789246,0.9404039619466599,M
722,0.1662575181575554,0.13194822608165857,F
723,0.1323881981042344,0.5613756704689765,M
724,0.44900065140276635,0.26214502240652937,F
725,0.5405953075173755,0.5232954796076578,M
726,0.4864689076594997,0.8280532376195956,M
727,0.6019902426467088,0.5994364474570942,F
728,0.9586576125375457,0.41896627508905215,M
729,0.781561765882047,0.6611170145171205,F
730,0.40839487558188703,0.25121398583705734,M
731,0.24288586970939485,0.6115088390182717,M
732,0.8733602364679992,0.7511823804097911,M
733,0.7921558160839552,0.12865608083150237,M
734,0.8805478924137697,0.7553966259869184,M
735,0.7105808534237429,0.3227205682543174,M
736,0.12046938360060244,0.4349738926147513,M
737,0.9121766275210442,0.13601237908341834,M
738,0.18481115831824502,0.02376937239403143,M
739,0.6576341440329264,0.6522581690135835,M
740,0.5929970473272731,0.2109706097808003,F
741,0.9498552164720262,0.5283151427068864,M
742,0.09127638991054254,0.15019613912992347,M
743,0.003282423680933122,0.4667950950244766,F
744,0.8392116102110994,0.9981329895043664,M
745,0.5605497351015624,0.5856981918058126,F
746,0.32527748761302766,0.48511300624091924,M
747,0.2975206630862447,0.08704658032162449,F
748,0.9944836534988846,0.07398593582240043,M
749,0.707100209460161,0.22060216218827122,M
750,0.7127249214665017,0.8732728219677961,M
751,0.7847389429517544,0.13906093147080723,M
752,0.6654504298623001,0.0966433379002466,M
753,0.5842034486692719,0.247419840555809,M
754,0.982030286275492,0.22198151625908824,M
755,0.33020720252569025,0.3605184565774996,F
756,0.9652573771508565,0.03832590425167204,M
757,0.3094715515516667,0.8398701332212813,M
758,0.4167372996063258,0.308097878890664,M
759,0.4352208287278879,0.20034206127101295,F
760,0.9849915062542385,0.9549187080296418,M
761,0.7127040029515173,0.15489766341706945,M
762,0.6761135365491692,0.2738884188419528,M
763,0.40175203372177515,0.812136442887969,M
764,0.795536735439895,0.5089898810823146,M
765,0.2639110493513095,0.19833908054503635,M
766,0.8494676269289044,0.7705880266228544,M
767,0.5541532132908029,0.9463261229433353,M
768,0.24824672981668472,0.6083127417988751,M
769,0.9338326621757629,0.28831042956910846,M
770,0.5021219813106085,0.8630141663581471,M
771,0.2697660894261976,0.9827177100980731,M
772,0.9541814379293908,0.920947189735689,M
773,0.9819717996292245,0.32189639427213357,F
774,0.8405073276323364,0.46321361898744606,M
775,0.5547689570503744,0.18069353205685068,M
776,0.04898681514839898,0.6608634379223175,F
777,0.5551237424923284,0.13898121415806708,M
778,0.40209070918961454,0.8137576939535747,M
779,0.8192175897219917,0.22398624035229064,M
780,0.09022352262589484,0.756060315782053,M
781,0.38225342872041124,0.8943329766103169,M
782,0.9556887583084214,0.6519842807928672,M
783,0.5212997970866797,0.9748281599715523,M
784,0.6487416229875081,0.9320746049424664,M
785,0.8840248171550337,0.347554633517544,M
786,0.8448955910558685,0.9687592919829706,M
787,0.5552665720700105,0.15876896403545027,M
788,0.634332959608368,0.742655078549029,M
789,0.558779334397511,0.6630054382524326,F
790,0.033275999218536634,0.5029037687995622,M
791,0.7695594754951224,0.7759245150595782,F
792,0.39402709141685144,0.0716046830363608,F
793,0.2604963206106685,0.48805531300454685,M
794,0.2002592367247864,0.13803023350257737,F
795,0.5523134295425102,0.283377865251237,M
796,0.10919514142245679,0.18796628107341573,M
797,0.7574467005445713,0.1529873348158587,M
798,0.499028179010088,0.061936720409177526,M
799,0.39660990335381685,0.4595713082994529,M
800,0.07187945871228651,0.6816099620590642,M
801,0.8434047176672748,0.16570251161649674,M
802,0.29482428764688495,0.7037155501151564,F
803,0.08598468991851393,0.008789958192063518,M
804,0.1500894043088573,0.819544344114589,M
805,0.3416248357801185,0.6766860418068108,M
806,0.4754624209264716,0.9631120406056312,M
807,0.16920889917080462,0.8444563279759956,F
808,0.5794346863171126,0.19345370834663977,M
809,0.9850733075434868,0.40878076346845416,M
810,0.510932534602222,0.8028162494238896,M
811,0.12999064367820623,0.5615721150803774,F
812,0.5301069204119405,0.1901216767251419,M
813,0.17805794145012865,0.7432450923060955,M
814,0.8084108111237576,0.7558349886290857,M
815,0.9522087462116375,0.9284147566198032,F
816,0.7156442405881925,0.7068831501899593,M
817,0.3387284919096558,0.9254206311052016,M
818,0.4502371866599565,0.2958056943825287,M
819,0.43277507430498907,0.27471108346048145,M
820,0.8780876070906355,0.9821833503662932,M
821,0.9811734586511777,0.9879635533004736,M
822,0.7934816980692919,0.08551887113174073,M
823,0.7120236224795161,0.6185139924521104,M
824,0.5518079891050535,0.2997921170755744,M
825,0.14974939080397243,0.9681476863432055,M
826,0.03668255253202524,0.6423422960475967,F
827,0.24996694049245116,0.07887802118192655,M
828,0.8383160218071777,0.8516265797611803,M
829,0.14118045800646306,0.5732835273555601,M
830,0.8916196296495374,0.36168515148908664,F
831,0.7590293382186081,0.4262812775567447,M
832,0.8838205303215866,0.17531088945713358,M
833,0.18374395269116606,0.3838409054322103,M
834,0.4304386487509657,0.049652318400005946,M
835,0.2789932968848502,0.57186620837563,M
836,0.6594934444663327,0.3525099883614151,F
837,0.01163138344443404,0.9025220429037025,M
838,0.3720184948358437,0.740815806358476,M
839,0.46672615752043833,0.4239938769949585,M
840,0.5806893118050066,0.5211305914539283,M
841,0.7473386094784793,0.5559695779662537,F
842,0.5790643269890875,0.624422423679602,M
843,0.42546903125618085,0.10987846002743351,F
844,0.7180171420951997,0.11471085833808181,M
845,0.35527666853928475,0.5856023835075399,M
846,0.46968653350005296,0.2224017029616837,F
847,0.26419907335244674,0.2854118506074299,M
848,0.19930176078973383,0.7195937059323382,M
849,0.9550292588083169,0.634902526203876,M
850,0.10100695907903579,0.8859224705158093,M
851,0.7489783328171448,0.8360917065249064,F
852,0.8537215703721982,0.4451993145616734,M
853,0.6457191867555825,0.6391546651254587,M
854,0.055953713305548325,0.251749251480186,M
855,0.9516527264653342,0.7914051506388002,M
856,0.5291981346500405,0.5676285664966102,F
857,0.856601271067624,0.5692106471225872,M
858,0.8958689006592235,0.6475520786026581,F
859,0.19976715455113858,0.06541604920164967,M
860,0.9542143307849007,0.2767047290747294,M
861,0.6735056340192304,0.16265199988275159,F
862,0.35204798377010005,0.5932268043439389,M
863,0.7090091603029305,0.6465355739286188,M
864,0.6933023414699285,0.7945189302019474,M
865,0.2041635521661307,0.7844935640954905,M
866,0.32847295136086174,0.2577465491841304,M
867,0.9330103197518643,0.5471504364819102,M
868,0.6183550684172932,0.7578092066888996,M
869,0.21250652005309434,0.5294874632574947,M
870,0.8760792169727583,0.720337406812402,M
871,0.3643454156295999,0.848357285556504,M
872,0.7512217823823343,0.6867702510350453,F
873,0.26351879409637513,0.8844755320791409,M
874,0.11321660321402482,0.9723575729956495,M
875,0.7505854383445998,0.6672197821696229,M
876,0.8768371145357737,0.3298836080142584,M
877,0.8104049941430735,0.34932158419519665,M
878,0.3014596060204663,0.4210322729798026,M
879,0.7313774295879333,0.5473165858673068,M
880,0.7235316165886827,0.511834436288903,M
881,0.8374646295770195,0.01668256187137196,M
882,0.4721404050679857,0.7333312263968013,M
883,0.023822135635539032,0.6663743168399748,M
884,0.8504167574821527,0.22186464470633294,M
885,0.26586449492227426,0.5357049892945248,F
886,0.680737467068976,0.4595051412022252,M
887,0.6570166249808003,0.31119385394595844,M
888,0.07557366725404913,0.7458323210057521,F
889,0.9059921163429647,0.0176287922910201,M
890,0.2769138956595576,0.3004409985188501,F
891,0.5393963900507819,0.7367605432118539,M
892,0.07995328703903615,0.4743472881977563,M
893,0.4618976479489043,0.08864475038545805,F
894,0.5793683986760783,0.7825035090565089,M
895,0.5231536711121033,0.7240659456984081,M
896,0.9371954399807572,0.5677002298657658,F
897,0.5161961398007501,0.5373558294688394,M
898,0.8322841818477749,0.9309335594657071,M
899,0.07200257544032451,0.7345954840587254,F
900,0.001071928238662867,0.7396676424860876,F
901,0.8811876965534756,0.5728578106084392,F
902,0.8809052487856608,0.045675239554410774,M
903,0.045260233478213174,0.7072615640455211,F
904,0.948390960429186,0.40577263699602617,M
905,0.574078410203683,0.871509090466999,M
906,0.3191207065720848,0.7559036781447186,M
907,0.4672523021205224,0.10772593529396923,M
908,0.7216805528920792,0.18177848540804598,F
909,0.32121603660531706,0.9849154150590247,M
910,0.27020840334216556,0.06239738192164357,M
911,0.9796684309099453,0.7100335338356986,M
912,0.8755660287700779,0.8116031812426778,M
913,0.5984042801465295,0.021867784599743922,M
914,0.12113964378300535,0.9520406570375153,M
915,0.8676582533290923,0.9884924243217417,M
916,0.3934467119527464,0.3303239368378038,M
917,0.21890905287220808,0.7630521177096911,M
918,0.8846297532352615,0.26873739196671376,F
919,0.24426464336649578,0.6694867470247389,F
920,0.903907216861221,0.5057134186283204,M
921,0.7488094154044798,0.51898367527269,M
922,0.6429662327316268,0.9399676078627184,M
923,0.8221350205817262,0.48420159765197957,M
924,0.657349429957866,0.9571861316511688,F
925,0.3783870916427827,0.7028604736044107,F
926,0.2961817930599374,0.5763951741886257,M
927,0.8925242674450862,0.018860256945855802,F
928,0.4931712567711365,0.8628002189072407,M
929,0.3598848993423679,0.45603338719663034,M
930,0.702031662742319,0.22026139974014725,M
931,0.7565181024549565,0.6862732510632955,M
932,0.2831604035499232,0.0122498963714055,F
933,0.0015653915017962428,0.14152409196053273,F
934,0.00769053133924491,0.7175379928269531,M
935,0.037448478340695535,0.7012519733485866,M
936,0.13138832128730404,0.729928566465878,F
937,0.711109725768424,0.45196496002692577,M
938,0.024226388021744705,0.9376869758934784,M
939,0.5029389018983895,0.1565675715551923,M
940,0.8891598663791509,0.9397164261795232,M
941,0.8111536171417162,0.9662213154394522,M
942,0.13219937694974027,0.9228611035143597,M
943,0.5525929255864089,0.5951855696114706,M
944,0.11379830513241995,0.021108991526284093,M
945,0.49196391885483226,0.32021871283219394,F
946,0.19605753579036878,0.10018340396013403,M
947,0.42092765068796867,0.5710109315883187,M
948,0.97028138752608,0.7477944110207003,M
949,0.43937928360034073,0.5933137899832962,M
950,0.5668085257497167,0.9078514224630075,M
951,0.6669640688756056,0.1113908029998999,M
952,0.6488457564218059,0.04296007584721673,F
953,0.961777137796843,0.020309493332621997,M
954,0.7517170881090344,0.022029325288956847,M
955,0.150154015050892,0.6241765744500595,M
956,0.8640369610687147,0.8412036502782847,F
957,0.2277218762066855,0.09134802733758918,F
958,0.9541076670628286,0.06193439226758979,M
959,0.7860109056048401,0.44757739900848437,M
960,0.7439016082285138,0.05731416334560668,M
961,0.11957374044321134,0.29224189591098504,M
962,0.041593523977796254,0.7115386849878332,M
963,0.6577847893968273,0.5915616568729988,M
964,0.32664559475788435,0.5580768190592568,M
965,0.4827052676234035,0.829687602247234,M
966,0.11795909794635118,0.3202656556460982,M
967,0.5031722600478383,0.2808042281677957,F
968,0.1901222023794582,0.3890752436817846,F
969,0.2586693484485737,0.8671481624362225,F
970,0.6075709980945101,0.810538735330346,M
971,0.11389768888308027,0.5868388494241434,M
972,0.38832231339561163,0.9021224828071189,F
973,0.6787798388407701,0.7173509591626495,F
974,0.8672545005044551,0.6576658913871093,M
975,0.692615511005623,0.9224228796784218,M
976,0.3794667666583431,0.8400217510167257,M
977,0.6050479446339447,0.6779579467207129,F
978,0.02063105533999421,0.7520257393422699,M
979,0.023142906442633837,0.8741428446712507,M
980,0.967655294916306,0.630831601070316,M
981,0.6916887979761233,0.14638789289079968,M
982,0.30184639026751603,0.5760202278965433,M
983,0.21460251396470442,0.9220775361623919,F
984,0.02351212590955054,0.07234846462582145,M
985,0.31170270853846627,0.7381576838762208,F
986,0.8442500319664331,0.7042629995076851,M
987,0.08882136387041173,0.634886028116456,M
988,0.09449141902250513,0.24663084592962303,F
989,0.6031584576950405,0.6008430137769325,M
990,0.53965134129315,0.15317583761572628,M
991,0.6665906515955551,0.7544503173459146,M
992,0.04857924733900865,0.2792385197971672,M
993,0.9952199690116549,0.3970664215057017,M
994,0.17019502509374174,0.5495778289266513,M
995,0.7541580764249801,0.6280768186275132,M
996,0.08665329381735432,0.9661991537278811,M
997,0.1714834603460923,0.13225117156333965,M
998,0.7375598612677116,0.358901976563869,M
999,0.6510643328463928,0.27999964727326976,M
